{
  "normal_count": 60,
  "anomaly_count": 60,
  "normal_mean": 0.3721514086279759,
  "normal_std": 1.2380787743703352,
  "anomaly_mean": -0.02952577129279463,
  "anomaly_std": 0.7724921161635678,
  "normal_scores": [
    1.4654412457169594,
    -0.681363050798267,
    0.30480476442907106,
    3.102873879449994,
    -0.6605323556500596,
    1.0557143237904576,
    3.102873879449994,
    1.117490086445602,
    1.5225859643615494,
    -0.31443739283144145,
    -0.7255404552979396,
    1.117490086445602,
    -0.6074731763946349,
    -0.31443739283144145,
    3.102873879449994,
    1.3125788864242793,
    -0.7255404552979396,
    -0.6605323556500596,
    1.1436705175778648,
    -0.6058923975846169,
    -0.6058923975846169,
    -0.6605323556500596,
    1.117490086445602,
    -0.42453977119605296,
    1.3125788864242793,
    0.30480476442907106,
    1.1436705175778648,
    -0.6694455220941218,
    1.4654412457169594,
    -0.6074731763946349,
    3.102873879449994,
    -0.6747165419389994,
    -0.42453977119605296,
    1.0557143237904576,
    -0.6694455220941218,
    -0.6747165419389994,
    -0.31443739283144145,
    1.4654412457169594,
    3.102873879449994,
    -0.6694455220941218,
    1.3125788864242793,
    -0.6074731763946349,
    -0.6605323556500596,
    1.1436705175778648,
    -0.681363050798267,
    -0.6605323556500596,
    -0.6605323556500596,
    -0.6605323556500596,
    -0.42453977119605296,
    1.0557143237904576,
    0.30480476442907106,
    -0.6058923975846169,
    3.102873879449994,
    -0.6747165419389994,
    -0.6605323556500596,
    1.5225859643615494,
    1.5225859643615494,
    -0.681363050798267,
    -0.7255404552979396,
    -0.6605323556500596
  ],
  "anomaly_scores": [
    1.3405883276226127,
    0.6799461010634675,
    1.1436705175778648,
    -0.6952810000325763,
    0.30480476442907106,
    1.1393834790875088,
    0.8221002224071502,
    -0.6296418682200616,
    -0.42453977119605296,
    -0.7384515013223009,
    -0.590073474319526,
    1.117490086445602,
    -0.6074731763946349,
    -0.6296418682200616,
    -0.5842345610642374,
    -0.6952810000325763,
    -0.7332390595524019,
    1.1436705175778648,
    -0.5645288729495452,
    -0.7130259514494964,
    -0.5842345610642374,
    -0.7130259514494964,
    -0.7130259514494964,
    -0.6074731763946349,
    -0.6296418682200616,
    -0.6296418682200616,
    -0.7255404552979396,
    -0.31443739283144145,
    -0.6747165419389994,
    1.3405883276226127,
    -0.6952810000325763,
    -0.5498359043915787,
    0.30480476442907106,
    0.3254657075420012,
    0.30480476442907106,
    -0.6983151547817538,
    -0.6058923975846169,
    0.3254657075420012,
    -0.31443739283144145,
    1.1557746787534537,
    -0.6074731763946349,
    -0.6773373333056929,
    0.30480476442907106,
    -0.7107295606052081,
    1.1557746787534537,
    -0.6296418682200616,
    0.8221002224071502,
    1.0678253555997146,
    -0.6747165419389994,
    0.8221002224071502,
    -0.7384515013223009,
    1.3932768480375752,
    1.1436705175778648,
    0.3254657075420012,
    1.0678253555997146,
    -0.5498359043915787,
    -0.31443739283144145,
    -0.7384515013223009,
    -0.7384515013223009,
    1.117490086445602
  ]
}
