{
  "sequence_count": 4,
  "threshold": 0.0,
  "threshold_source": "cli",
  "weights": {
    "alpha": 0.6,
    "beta": 0.4,
    "delta": 0.0
  },
  "normalization": {
    "rec_mean": 0.0,
    "rec_std": 1.0,
    "causal_mean": 0.0,
    "causal_std": 1.0,
    "context_mean": 0.0,
    "context_std": 1.0
  },
  "metrics": {
    "precision": 0.5,
    "recall": 1.0,
    "f1": 0.6666666666666666,
    "fpr": 1.0,
    "fnr": 0.0,
    "auroc": 0.25,
    "auprc": 0.5
  },
  "scores": [
    {
      "sequence_id": "toy-0",
      "score": 0.6013044834136962,
      "rec_score": 1.0021741390228271,
      "causal_score": 0.0,
      "z_rec": 1.0021741390228271,
      "z_causal": 0.0,
      "pred": 1,
      "label": 0,
      "anomaly_type": null,
      "context_graph": "global"
    },
    {
      "sequence_id": "toy-1",
      "score": 0.5961218301206828,
      "rec_score": 0.9882697463035583,
      "causal_score": 0.007899955846369267,
      "z_rec": 0.9882697463035583,
      "z_causal": 0.007899955846369267,
      "pred": 1,
      "label": 1,
      "anomaly_type": null,
      "context_graph": "global"
    },
    {
      "sequence_id": "toy-2",
      "score": 0.618008729815483,
      "rec_score": 1.003001093864441,
      "causal_score": 0.040520183742046356,
      "z_rec": 1.003001093864441,
      "z_causal": 0.040520183742046356,
      "pred": 1,
      "label": 0,
      "anomaly_type": null,
      "context_graph": "global"
    },
    {
      "sequence_id": "toy-3",
      "score": 0.6036566019058227,
      "rec_score": 1.0060943365097046,
      "causal_score": 0.0,
      "z_rec": 1.0060943365097046,
      "z_causal": 0.0,
      "pred": 1,
      "label": 1,
      "anomaly_type": null,
      "context_graph": "global"
    }
  ]
}