dataset,transition,source_context,target_context,mapping_type,method,filter_strategy,target_normal_count,target_anomaly_count,synthetic_count,kept_count,rejected_count,target_normal_fpr,precision,recall,f1,auroc,auprc,adaptation_gain,status,missing_reason
fr,seasonal,winter,spring,smartguard_numeric,source_only,,252,234,0,0,0,0.5992063492063492,0.3463203463203463,0.3418803418803419,0.34408602150537637,0.3142043142043142,0.366095440846069,,success,
fr,seasonal,winter,spring,smartguard_numeric,source_plus_raw_synthetic,no_filter,252,234,500,500,0,0.3055555555555556,0.18947368421052632,0.07692307692307693,0.10942249240121582,0.3128985212318546,0.37458919527109213,0.2936507936507936,success,
fr,seasonal,winter,spring,smartguard_numeric,source_plus_tof_synthetic,iqr_1.5,252,234,500,490,10,0.14285714285714285,0.42857142857142855,0.11538461538461539,0.18181818181818182,0.3660120743454077,0.40728357546579186,0.45634920634920634,success,
fr,seasonal,winter,spring,smartguard_numeric,source_plus_causal_tof_synthetic,relaxed_causal_keep_90_percent,252,234,500,441,59,0.1388888888888889,0.4067796610169492,0.10256410256410256,0.16382252559726962,0.35639668973002303,0.40382825157949165,0.4603174603174603,success,
fr,seasonal,winter,spring,smartguard_numeric,oracle_target,,252,234,0,0,0,0.08333333333333333,0.631578947368421,0.15384615384615385,0.24742268041237114,0.6510819427486094,0.5825481901913431,0.5158730158730158,success,
