dataset,transition,source_context,target_context,mapping_type,method,filter_strategy,target_normal_count,target_anomaly_count,synthetic_count,kept_count,rejected_count,target_normal_fpr,precision,recall,f1,auroc,auprc,adaptation_gain,status,missing_reason
us,seasonal,winter,spring,smartgen_textual,source_only,,500,481,0,0,0,0.682,0.3788706739526412,0.43243243243243246,0.40388349514563104,0.2787027027027027,0.3587331983946084,,success,
us,seasonal,winter,spring,smartgen_textual,source_plus_raw_synthetic,no_filter,500,481,198,198,0,0.4,0.3288590604026846,0.20374220374220375,0.251604621309371,0.33158004158004156,0.3784964221204378,0.28200000000000003,success,
us,seasonal,winter,spring,smartgen_textual,source_plus_tof_synthetic,iqr_1.5,500,481,198,198,0,0.368,0.30038022813688214,0.16424116424116425,0.21236559139784947,0.32812058212058215,0.37725177880054606,0.31400000000000006,success,
us,seasonal,winter,spring,smartgen_textual,source_plus_causal_tof_synthetic,relaxed_causal_keep_90_percent,500,481,198,179,19,0.466,0.3436619718309859,0.25363825363825365,0.291866028708134,0.33402910602910607,0.3790029457885835,0.21600000000000003,success,
us,seasonal,winter,spring,smartgen_textual,oracle_target,,500,481,0,0,0,0.038,0.3448275862068966,0.02079002079002079,0.0392156862745098,0.4216299376299376,0.4385696741212563,0.644,success,
